{
  "total-runtime": 420.91242292324705,
  "last-session": 420.44272143840794
}