{
  "total-runtime": 437.60488409996043,
  "last-session": 429.344906504949
}